iter	Logloss
0	0.6189267556
1	0.5618717419
2	0.5200814872
3	0.4863603513
4	0.4640693633
5	0.4380258661
6	0.4230490105
