iter	Logloss
0	0.5872406903
1	0.5169584563
2	0.4726720001
3	0.4332652588
4	0.4114974397
5	0.3897886266
6	0.3682573016
